date,gold_price,MOVE_index,msci_emerging_markets,msci_world,sp_gsci,euro_area_inflation_expectations,us_inflation_expectations,commodity_equity_volatility,us_10y_yield,brent_price,us_10y_breakeven_inflation,usd_broad_index,world_trade_volume,world_industrial_production,gscpi
2003-01-01,369.1,110.89,,,4064.0171,,2.7,12.15232,4.05,30.80869565217391,1.76,,59.2193705655773,74.386495083602,-0.6210814154071544
2003-02-01,350.3,105.36,,,4556.6831,,3.2,9.63721,3.9,32.6625,1.91,,58.8269677942957,74.6435797891689,-0.3001852834096194
2003-03-01,336.9,112.09,,,3900.0139,,3.8,15.47368,3.81,30.16809523809524,1.87,,59.4184827159687,74.6406031226905,-0.31893492868466905
2003-04-01,339.4,89.27,,,3660.6641,,2.7,10.63206,3.96,25.035,1.78,,59.2273154956528,74.5204038644586,-0.5481860397984468
2003-05-01,365.6,99.81,,,4011.637,,2.5,7.3643,3.57,25.71454545454545,1.66,,59.1465931998716,74.1713303292953,-0.19544045536202245
2003-06-01,346.3,103.6,,,4020.4409,,2.5,6.68431,3.33,27.56666666666667,1.61,,58.9495359793704,74.4052083374987,-0.10805241901476369
2003-07-01,355.8,160.86,,,4049.073,,2.3,7.65934,3.98,28.50391304347826,1.87,,59.6397067844689,74.9456159958125,0.007603012441448752
2003-08-01,376.8,126.55,,,4214.5352,,2.8,6.31661,4.45,29.71809523809524,2.13,,58.9380676133595,74.9597615708935,-0.059096111907681784
2003-09-01,386.1,116.69,,,4042.416,,3.4,5.50059,4.27,27.04409090909091,2.08,,60.6954425784672,75.1952938409206,0.06753235754492834
2003-10-01,384.6,118.76,,,4130.979,,3.1,5.8944,4.29,29.43565217391304,2.21,,61.5503223791713,76.3552124463448,-0.26261186004229237
2003-11-01,396.8,104.91,,,4236.6899,,3.1,5.08096,4.3,28.9485,2.34,,62.2770560468887,76.0665146916516,-0.40583272338065
2003-12-01,416.1,117.91,,,4501.27,,2.8,5.61922,4.27,29.74347826086957,2.29,,63.2743270605336,76.7684800427007,-0.35737775415898243
2004-01-01,402.9,116.75,,,4518.9072,11.7,2.9,6.87225,4.15,30.98181818181818,2.26,,62.4990272350395,76.7370207472204,-0.49180057615075756
2004-02-01,396.8,90.14,477.73,,4854.228,11.4,2.9,4.10497,4.08,30.795,2.32,,63.7962452799147,77.4170380857559,-0.370704949501637
2004-03-01,428.3,105.92,476.44,,4951.7788,10.7,3.4,6.23973,3.83,33.42434782608696,2.36,,64.1527663176417,77.3452532047649,0.0025480468110190674
2004-04-01,387.5,122.93,441.3,,5088.3481,9.3,4.0,7.78181,4.35,33.35772727272727,2.45,,65.3318001882109,77.7267515411213,0.41910756939161964
2004-05-01,394.9,106.12,431.26,,5323.7798,13.9,3.9,8.20578,4.72,37.58904761904762,2.63,,65.7184026050016,78.0119775338806,0.37061849504355193
2004-06-01,393.0,93.91,432.2,,5073.563,14.0,4.0,7.36297,4.73,35.43772727272727,2.58,,66.3595325735236,78.2228680601164,0.4237770288960639
2004-07-01,393.7,97.21,423.14,,5466.8989,12.1,3.5,7.27353,4.5,38.22681818181818,2.48,,66.17327873192,78.3628007740708,-0.4428101100745414
2004-08-01,412.4,102.66,439.75,1029.63,5254.6191,13.6,3.1,8.56524,4.28,42.22409090909091,2.42,,65.8412416845377,78.167089200355,0.07991318410318834
2004-09-01,420.4,92.89,464.15,1047.86,5917.4331,13.1,3.2,7.55895,4.13,43.31590909090909,2.33,,66.527990548594,78.7100955487505,-0.009167917011588759
2004-10-01,429.4,96.45,474.27,1072.7,6162.9058,11.5,3.6,9.23018,4.1,49.73619047619048,2.37,,67.2436375811321,78.9807838749728,-0.6063891967893601
2004-11-01,453.2,89.56,517.95,1127.34,5864.7852,11.7,3.3,7.59281,4.19,43.74863636363636,2.51,,68.0168592717387,78.7702823068151,-0.05584389671725778
2004-12-01,438.4,86.6,542.17,1169.34,5278.9771,10.1,3.4,7.57618,4.23,39.96565217391304,2.56,,68.7917085120614,79.3167597208519,0.10678194073446041
2005-01-01,424.1,79.29,542.28,1142.35,5635.918,12.8,3.5,8.36059,4.22,44.1747619047619,2.5,,68.5161050697038,79.7270593967172,-0.11518703052484444
2005-02-01,437.6,90.05,588.68,1176.7,5986.8218,13.4,3.3,5.25339,4.17,45.721,2.54,,67.9034501062652,79.7170221033578,-0.12073899354952072
2005-03-01,431.1,87.7,547.68,1150.36,6439.3818,15.0,4.0,6.97237,4.5,53.22913043478261,2.71,,68.3154495633367,79.9808419524924,-0.27068573764306014
2005-04-01,436.1,82.53,531.99,1123.64,5856.562,15.4,4.0,9.81615,4.34,52.60428571428571,2.63,,70.0214660893573,80.6076140541515,-1.3171607731264252
2005-05-01,418.9,75.0,548.15,1140.68,5813.6431,16.5,3.8,7.98773,4.14,49.28545454545455,2.49,,70.0021685228469,80.3151584129326,-0.9843877049658747
2005-06-01,437.1,75.6,565.17,1148.81,6150.5552,15.9,4.0,7.05537,4.0,54.83909090909091,2.33,,70.3899505264533,80.6631158935404,-0.9347460726669897
2005-07-01,435.8,74.8,602.56,1188.16,6488.5469,19.8,3.6,7.37893,4.18,57.62571428571429,2.3,,70.1248076225239,80.8021647473448,-0.8818066872986811
2005-08-01,438.1,78.2,606.23,1194.81,7471.1382,17.6,3.7,8.96271,4.26,63.9504347826087,2.37,,70.8435962409031,81.0563337719976,-0.49998975019533026
2005-09-01,472.3,76.71,661.32,1224.31,7472.479,21.2,5.5,8.38369,4.2,63.26136363636364,2.5,,71.5799425489343,81.278438686352,0.08119823022893288
2005-10-01,466.9,80.08,617.41,1193.88,6700.938,21.4,5.5,8.80863,4.46,58.90857142857143,2.52,,72.2925131056153,81.5983347117925,-0.06961586108842922
2005-11-01,498.7,73.5,667.99,1231.41,6443.1001,21.0,4.1,6.21367,4.54,55.44954545454545,2.48,,72.7625121520533,82.4644653677323,-0.6366239622778558
2005-12-01,519.7,72.09,706.48,1257.78,6627.9229,18.7,4.1,7.05104,4.47,57.15681818181818,2.35,,74.654904651125,82.8238869049248,-0.6962307615733238
2006-01-01,575.5,73.7,783.77,1313.21,6915.1841,18.5,3.8,8.86248,4.42,63.31181818181818,2.41,100.0,74.3581197112335,82.8279030402598,-0.36349490168536325
2006-02-01,563.9,56.86,782.11,1309.45,6216.4468,20.3,3.6,6.27086,4.57,60.8055,2.52,100.2112,74.8949478414075,83.1799483849644,-0.7244717191043616
2006-03-01,586.7,68.6,788.28,1342.93,6535.376,20.6,3.8,5.25734,4.72,62.74695652173913,2.52,100.4281,75.7488559427868,83.665181152636,-0.38110265447280306
2006-04-01,654.5,63.0,841.59,1373.38,6949.29,21.2,4.4,7.39874,4.99,70.34,2.58,99.7435,76.1615513026378,83.4266559543436,0.10834921218701135
2006-05-01,649.0,67.1,751.0,1322.25,6895.8062,26.2,4.7,9.80825,5.11,70.51,2.66,97.5118,76.1572891041991,83.9759935104924,0.10637080559407226
2006-06-01,616.0,65.5,747.54,1319.93,6975.9658,27.8,4.4,10.14112,5.11,69.23272727272727,2.58,98.6927,77.0922129401948,84.3814790061649,0.16705539044671328
2006-07-01,646.8,63.4,755.84,1327.23,7115.8491,29.2,3.8,10.02631,5.09,74.04095238095238,2.58,98.4387,76.0200252711057,84.2244068317547,-0.09211123478037192
2006-08-01,634.2,59.8,773.13,1358.87,6599.417,30.8,4.6,9.32531,4.88,73.5004347826087,2.59,97.7138,77.0383933030269,84.4635959241641,0.06793463744960494
2006-09-01,604.2,63.1,778.17,1373.37,5892.855,28.7,3.6,7.39317,4.72,62.52714285714286,2.4,97.9814,78.2844898634594,84.6815268749764,-0.6350591319674889
2006-10-01,606.8,60.9,814.43,1422.93,5741.5112,29.6,3.7,7.86962,4.73,58.75818181818182,2.32,98.3156,78.3538348987279,84.6894015376455,-0.5143160599021184
2006-11-01,652.9,68.5,874.09,1455.17,6058.9072,31.9,3.3,5.56048,4.6,59.22272727272727,2.31,97.5133,79.0004995051842,85.4560811519518,-0.22894360050423415
2006-12-01,638.0,66.8,912.65,1483.58,5627.6411,29.4,3.5,7.85337,4.56,62.26047619047619,2.31,96.7951,79.8741799549825,86.044641400207,-0.45769243096009005
2007-01-01,657.9,61.6,901.48,1500.23,5498.7749,25.5,3.6,8.34475,4.76,54.50304347826087,2.32,97.8338,79.1980203174556,86.0565178538429,-0.8701845160828434
2007-02-01,672.5,69.8,895.54,1490.44,5735.0581,22.4,3.6,8.58641,4.72,57.9695,2.36,97.4764,79.771312931459,86.2914628792378,-0.7126115232203546
2007-03-01,669.0,67.9,929.03,1514.18,5920.5469,21.6,3.6,12.04361,4.56,62.35727272727273,2.38,97.0118,79.1500969163773,86.7382258581147,-0.5880854774278006
2007-04-01,683.5,59.8,969.93,1577.86,5904.2632,21.7,4.0,8.518,4.69,67.69047619047619,2.43,95.6322,79.6028849777851,86.5455201216927,-0.8258215691272365
2007-05-01,666.7,58.9,1014.78,1616.87,5812.5469,21.2,4.3,7.42785,4.75,67.71782608695652,2.38,94.7225,79.9993387972933,87.3260410811882,-0.4136146108673392
2007-06-01,650.9,77.5,1059.69,1602.36,5999.7842,24.7,4.2,8.43422,5.1,70.61904761904762,2.41,94.4449,80.4443835771967,87.3895510646335,-0.3696599337583065
2007-07-01,679.3,96.4,1112.77,1565.81,6332.5308,24.6,4.2,11.9343,5.0,76.13318181818182,2.36,93.2059,80.2829762487487,87.7364911570749,-0.43251443879346646
2007-08-01,681.9,111.0,1086.98,1561.59,6067.3979,34.6,4.0,15.30972,4.67,71.31304347826087,2.23,93.7603,81.2795195100431,88.1269145143147,-0.09665234752254491
2007-09-01,750.0,103.7,1204.9,1633.58,6687.8389,37.9,4.0,10.60999,4.52,76.772,2.26,92.4366,81.3877087868404,88.0188111983337,-0.03437335442227676
2007-10-01,795.3,90.18,1337.63,1682.35,7330.335,34.1,3.7,10.49521,4.53,82.50739130434783,2.33,90.4002,81.7233602658176,88.768303588403,-0.6051207154940388
2007-11-01,789.1,131.5,1242.06,1610.94,7059.313,36.3,4.3,13.14973,4.15,92.73136363636364,2.38,89.053,82.2189286823466,88.7238186787757,-0.4799146650260825
2007-12-01,838.0,145.4,1245.59,1588.8,7466.2998,32.7,4.4,10.59465,4.1,91.5195238095238,2.31,90.005,82.4282696433309,89.1015097009252,-0.1434146234911733
2008-01-01,928.0,153.7,1088.72,1466.35,7464.397,33.6,4.0,17.38283,3.74,92.09173913043476,2.27,89.3971,84.5635794912626,89.7038981500532,-0.369315501745289
2008-02-01,975.0,155.2,1167.66,1455.56,8304.7744,29.9,3.9,11.58005,3.74,94.72238095238096,2.33,88.6434,84.2915816187009,89.7058369277875,0.46753081963259385
2008-03-01,921.5,145.5,1104.58,1437.4,8207.2617,28.8,4.6,13.85037,3.51,103.1619047619048,2.42,86.8399,83.7723475505939,89.2174439027813,0.15837991321703312
2008-04-01,865.1,119.1,1191.53,1508.99,8860.9346,27.3,5.7,9.73809,3.68,110.0331818181818,2.32,86.5475,84.809363152248,89.5827942758088,0.13345160256057106
2008-05-01,891.5,130.2,1210.04,1525.73,9667.6299,31.5,7.0,9.20345,3.88,123.8622727272727,2.42,86.8245,84.7366573278511,88.3708566865969,-0.1151205043881663
2008-06-01,928.3,126.0,1087.12,1402.13,10558.6504,35.4,6.5,9.47917,4.1,132.7604761904762,2.47,87.0728,84.1959383690638,88.2992718882837,0.2764200731394216
2008-07-01,922.7,131.7,1041.86,1366.7,9267.7158,35.5,6.3,15.04626,4.01,133.5852173913043,2.44,86.4538,85.0938807378572,87.9970667396585,1.0077549990398442
2008-08-01,835.2,103.0,956.25,1344.86,8609.5,28.4,5.3,9.70248,3.89,113.8004761904762,2.21,88.945,84.673097311814,87.2443993557229,0.28028654806626985
2008-09-01,880.8,208.5,786.92,1181.67,7538.3081,22.9,4.6,23.2205,3.69,98.75545454545455,1.84,91.2651,83.658074982234,86.4099919496165,-0.5374025014016541
2008-10-01,718.2,207.2,570.52,957.25,5412.6138,24.3,4.3,30.46125,3.81,71.96347826086956,1.06,98.04,82.7994208337774,85.2034299743222,-0.9823135343182159
2008-11-01,819.0,214.0,526.97,892.93,4609.3389,15.3,2.9,15.75016,3.53,52.7135,0.64,100.7667,77.3267266034304,82.5306076809832,-1.5317403754108139
2008-12-01,884.3,190.0,567.04,920.23,3995.3921,9.0,1.7,12.94722,2.42,40.51173913043478,0.25,99.6622,73.0477442997981,79.7502968564438,-0.7035271745574815
2009-01-01,928.4,162.9,529.53,838.83,3638.249,6.6,2.5,12.51303,2.52,43.17454545454545,0.61,100.3521,68.7730545819157,77.4012077334198,-0.40318315579744857
2009-02-01,942.5,166.6,499.3,750.86,3416.3,4.3,2.3,11.99887,2.87,42.9105,1.12,102.9737,68.2386982885905,77.1883144634691,-0.4367829694363862
2009-03-01,925.0,117.3,569.97,805.22,3570.22,0.4,2.4,11.91191,2.82,46.58272727272727,1.11,103.4397,67.9135948431029,76.6486584458244,0.1917659500667896
2009-04-01,891.2,124.2,662.73,893.02,3537.4221,-1.8,3.1,9.06115,2.93,50.51909090909091,1.36,100.7162,68.2804458031347,76.9088375238394,0.8508198063903113
2009-05-01,980.3,165.4,773.12,970.0,4233.062,-4.6,3.2,7.87132,3.29,57.50142857142857,1.57,97.5519,67.8584544466014,77.560577550289,0.3410718302606442
2009-06-01,927.4,162.5,761.3,964.05,4257.2368,-2.6,3.9,9.27741,3.72,68.58,1.86,96.0426,69.1890916760282,78.0008296968859,-0.5002236222390984
2009-07-01,955.8,138.5,844.02,1044.75,4276.1001,-3.9,3.6,8.48563,3.56,64.90434782608696,1.74,95.6605,70.7090832681554,78.7836821797184,-0.7360128710105874
2009-08-01,953.5,130.7,839.46,1085.6,4175.001,-6.8,3.0,7.33773,3.59,72.59190476190476,1.82,94.373,70.8192447941751,79.2160455926111,-1.1239008574033675
2009-09-01,1009.3,113.8,914.05,1126.98,4182.209,-3.9,2.8,6.45095,3.4,67.51318181818182,1.76,93.6638,73.0024125292252,80.1348712741674,-0.4872019260519585
2009-10-01,1040.4,113.5,914.26,1106.17,4427.8198,-3.6,3.2,7.71954,3.39,72.96863636363636,1.91,92.2598,74.2354794222333,80.4776925430617,-0.4523454673778899
2009-11-01,1182.3,86.1,953.13,1149.01,4495.3149,-0.5,3.1,8.33209,3.4,76.93666666666667,2.12,91.7996,74.1341842961341,81.0559513205202,-0.789482952343215
2009-12-01,1096.2,107.5,989.47,1168.47,4534.1689,1.7,3.0,7.12581,3.59,74.7895652173913,2.23,92.2586,75.7721715821425,81.4711943683864,-0.6112878763520813
2010-01-01,1083.8,86.3,933.59,1119.54,4176.2241,5.1,3.4,9.3962,3.73,76.60238095238095,2.36,92.4403,75.5258479064083,82.4432236292958,-0.31962554364470736
2010-02-01,1118.9,81.2,935.93,1133.35,4408.356,5.8,3.6,6.21306,3.69,73.903,2.27,93.8867,76.3074261683999,82.645220227731,-0.15199594561043436
2010-03-01,1114.5,85.3,1010.33,1200.53,4493.6748,8.5,3.4,6.06253,3.73,79.51913043478261,2.22,93.1499,77.5646331899464,83.7070852808476,0.36730512531885523
2010-04-01,1180.7,85.5,1020.03,1198.56,4618.374,12.5,3.8,8.48559,3.85,85.15636363636364,2.35,92.6391,77.9589223663846,84.2462636050556,0.2988442230202284
2010-05-01,1215.0,112.1,926.4,1079.8,4009.2471,16.8,4.1,11.89705,3.42,76.13238095238096,2.11,95.5306,80.0026609527081,85.0847948998337,0.4380481280985149
2010-06-01,1245.9,89.7,917.99,1041.32,4025.9729,17.8,3.3,9.71554,3.2,75.24636363636364,1.94,96.0606,80.7352734524923,84.7254804475722,-0.030035221222212704
2010-07-01,1183.9,78.2,991.41,1124.83,4252.6411,17.5,3.3,9.50746,3.01,75.195,1.77,94.4547,80.3887742523067,84.8826437372695,-0.038155748328312616
2010-08-01,1250.3,103.7,970.05,1080.7,4017.6919,16.4,3.2,6.53813,2.7,76.89181818181818,1.68,93.6822,80.6122803269197,85.1877686993522,0.3095942751486658
2010-09-01,1309.6,85.1,1075.53,1179.19,4358.7212,15.7,3.0,6.75502,2.65,77.93818181818182,1.74,92.7626,80.5315299049221,85.4992033122095,0.37449051880743955
2010-10-01,1357.6,99.8,1105.75,1222.23,4470.1641,15.0,3.3,7.24511,2.54,83.33857142857143,2.01,90.2291,82.0419621008288,86.0820046276024,0.6793598812663341
2010-11-01,1386.1,101.9,1075.85,1193.56,4518.5518,15.6,3.7,6.93813,2.76,85.80090909090909,2.09,90.5095,82.6684052151937,86.5746644483209,0.4542473521528938
2010-12-01,1421.4,110.4,1151.38,1280.07,4943.4141,18.3,3.9,4.99405,3.29,91.96,2.25,91.1835,82.1890224797893,86.8975435161826,0.7043442977544538
2011-01-01,1334.5,96.2,1119.08,1308.08,5094.2749,25.1,4.2,8.13149,3.39,96.95238095238096,2.33,90.1112,83.3586428228543,87.7222173026509,0.7752132107782564
2011-02-01,1409.9,90.5,1107.77,1351.65,5285.083,27.8,4.4,5.7832,3.58,104.2385,2.34,89.3967,82.9592692460008,87.5583087018756,0.3698705062601821
2011-03-01,1439.9,90.9,1170.87,1334.93,5515.0601,32.2,5.2,9.98522,3.41,114.9173913043478,2.45,88.4872,83.4080435496049,87.5610168931116,0.7436637138056701
2011-04-01,1556.4,76.8,1204.03,1388.62,5758.3691,32.5,5.3,8.20142,3.46,123.3257142857143,2.6,86.9214,83.3409562780919,87.11731977624,1.6276266695737929
2011-05-01,1536.8,71.5,1167.97,1354.61,5361.708,29.1,4.8,7.90259,3.17,114.9295454545455,2.39,86.9464,83.8500513248219,87.5152575864287,0.942011779155027
2011-06-01,1502.8,88.9,1146.22,1331.18,5077.249,27.9,4.5,8.11779,3.0,114.37045454545452,2.24,86.9412,83.4036880091717,87.670126290795,0.20012445080836805
2011-07-01,1631.2,88.0,1137.73,1306.05,5200.874,29.1,4.4,11.26368,3.0,117.48333333333332,2.38,86.3178,84.5775785397094,88.1220739117899,0.28859576347294924
2011-08-01,1831.7,97.9,1033.15,1211.22,5104.938,29.0,4.4,26.97783,2.3,110.3547826086957,2.16,86.8983,84.827566534246,88.4306646645469,-0.10008994336930967
2011-09-01,1622.3,100.6,880.43,1104.06,4483.729,28.1,4.3,11.60968,1.98,111.96272727272732,1.9,89.7253,84.353704027754,88.1956563612082,-0.5510564303933898
2011-10-01,1725.2,107.2,995.0,1217.3,4920.7222,27.4,4.0,10.03704,2.15,110.4295238095238,1.96,90.6098,84.5509179411002,87.8400513777563,-0.3761795922411247
2011-11-01,1750.3,99.7,928.32,1184.6,4990.4268,26.8,4.0,8.90293,2.01,111.1586363636364,2.01,91.2649,84.2167162426699,87.9709174995292,0.1419605477947562
2011-12-01,1566.8,91.1,916.39,1182.59,4885.2559,32.6,3.7,9.45779,1.98,108.3477272727273,2.01,92.2056,84.252576234645,88.3084677762146,-0.038131032845543415
2012-01-01,1740.4,72.1,1019.39,1240.89,4994.3071,31.9,4.0,8.15909,1.97,111.415,2.08,91.6463,84.2874848187836,88.2887350455567,0.38877098631333445
2012-02-01,1711.3,75.9,1079.44,1298.72,5297.1348,31.2,4.1,7.40273,1.97,119.1657142857143,2.22,89.9605,84.0251120216226,89.1525046529438,0.0156412883839999
2012-03-01,1671.9,78.6,1041.45,1312.01,5172.6392,29.1,4.7,5.63122,2.17,124.7031818181818,2.31,90.5112,85.0392144750091,88.784353851807,-0.3626888978356447
2012-04-01,1664.2,62.9,1026.02,1293.99,5146.0889,33.0,3.8,5.76563,2.05,120.47,2.26,90.8156,84.3415218652273,88.5743336682618,-0.32215343827373916
2012-05-01,1564.2,74.4,906.3,1177.64,4478.23,27.2,3.6,9.29196,1.8,110.8221739130435,2.14,92.4928,86.2727677630699,88.9446735532856,-0.6695656745942754
2012-06-01,1604.2,73.2,937.35,1235.72,4532.0298,25.4,3.7,8.82958,1.62,95.88904761904762,2.12,93.8809,85.5911593133208,88.706949707479,-0.702294811521381
2012-07-01,1614.6,69.8,952.49,1250.57,4820.8789,27.4,3.9,7.49814,1.53,102.9795454545455,2.13,93.4062,85.1254075337244,88.7889173092525,-0.6855143711168642
2012-08-01,1687.6,68.7,947.33,1279.21,5127.7368,30.9,4.3,6.85585,1.68,113.78043478260868,2.27,92.5283,85.1364522872303,88.8064302233871,-0.1354696389761578
2012-09-01,1773.9,60.47,1002.66,1311.5,5054.8081,32.3,4.3,6.34697,1.72,113.6415,2.43,90.9802,86.0253639852417,88.3199050347342,-0.25992012813415943
2012-10-01,1719.1,71.43,995.33,1301.52,4849.291,30.6,4.2,7.5532,1.75,111.7926086956522,2.5,90.7566,84.8776802603799,88.3071420424557,-0.003826814146078108
2012-11-01,1712.7,51.8,1007.02,1315.49,4920.915,29.1,4.0,6.20295,1.65,109.9118181818182,2.42,91.4751,84.8920120164196,88.4275222293555,-0.3514138779789284
2012-12-01,1675.8,59.4,1055.2,1338.5,4889.0098,27.7,4.0,6.78174,1.72,109.5690476190476,2.48,90.8804,85.112473378897,88.6265198709763,-0.1480138011368834
2013-01-01,1662.0,65.6,1069.01,1405.47,5102.0459,27.5,4.5,6.3272,1.91,112.52782608695648,2.52,90.8255,85.8369220471288,88.5859571832572,-0.04824217917707136
2013-02-01,1578.1,55.88,1054.62,1405.18,4878.3081,23.9,4.4,6.64318,1.98,116.488,2.55,91.5509,85.2444988669271,88.5159201715589,-0.3735139772968562
2013-03-01,1595.7,57.3,1034.9,1434.51,4915.855,25.4,4.0,6.43836,1.96,109.5857142857143,2.55,92.4132,85.8987768077238,89.1255315110363,-0.5402244890769166
2013-04-01,1472.1,49.2,1039.45,1476.14,4683.3311,21.8,4.0,4.49069,1.76,102.96,2.41,92.0478,85.9935045996548,89.3016083449269,-0.7294315637413257
2013-05-01,1393.0,80.0,1008.88,1471.93,4613.5908,20.7,4.2,4.92021,1.93,102.9804347826087,2.29,92.529,86.0195439211359,89.3545291364007,-0.8652826217641605
2013-06-01,1223.7,99.8,940.33,1433.55,4624.3672,22.1,3.8,6.05237,2.3,103.3585,2.05,93.2836,85.4505812755779,89.2937101863629,-0.665974844369456
2013-07-01,1313.0,82.6,947.55,1507.91,4851.5962,22.0,4.1,5.81834,2.58,107.77956521739128,2.12,93.8724,85.9785416262833,89.4583054728979,-0.655000418277665
2013-08-01,1396.1,103.5,929.54,1472.74,5015.3872,23.5,4.2,4.79484,2.74,111.0581818181818,2.19,93.7149,86.664296985292,89.786957573632,-0.5669230318290409
2013-09-01,1327.0,80.2,987.46,1543.67,4845.2832,20.9,4.1,7.25898,2.81,111.9628571428571,2.15,93.4706,86.7230943783092,90.146683944978,-0.2821080666323612
2013-10-01,1323.7,61.7,1034.42,1602.86,4775.3721,22.8,3.6,6.85658,2.62,109.6186956521739,2.19,92.4993,87.2338619402626,90.2463778419878,-0.18409704082839362
2013-11-01,1250.4,68.0,1018.28,1628.42,4738.145,18.3,3.7,6.07919,2.72,108.1504761904762,2.17,93.3737,88.0535407773355,90.706354648327,-0.6935900589049586
2013-12-01,1202.3,73.5,1002.69,1661.07,4829.4668,20.6,3.8,4.95309,2.9,111.0704545454545,2.16,93.534,87.5769509255125,90.7458633225831,-0.4955594256204687
2014-01-01,1239.8,64.7,936.53,1598.46,4750.4351,22.0,4.0,6.91453,2.86,107.9269565217391,2.23,94.4648,88.3766064366683,90.6962559160981,-0.6357817590449478
2014-02-01,1321.6,57.7,966.42,1675.4,4964.5962,19.3,4.3,4.63642,2.71,108.838,2.16,94.6456,88.1987945980124,91.1441956418584,-0.28357614271391474
2014-03-01,1283.8,61.8,994.65,1673.87,4971.5352,17.6,4.2,6.4916,2.72,107.8680952380952,2.16,94.4408,88.3400059485336,91.1923916718046,-0.6235674253961776
2014-04-01,1295.9,58.9,995.28,1687.74,5008.4048,14.3,4.0,6.97884,2.71,108.0036363636364,2.17,93.9956,89.0019659521789,91.6191400980034,-0.8232964823138023
2014-05-01,1246.0,58.3,1027.69,1715.18,4999.6182,14.4,4.4,4.73668,2.56,109.8322727272727,2.19,93.67,89.1266004491585,91.4348172725487,-0.8340974765368819
2014-06-01,1322.0,52.7,1050.78,1743.42,5105.4639,12.9,3.7,5.12839,2.6,112.2409523809524,2.23,93.8274,89.1856334956789,91.585711547435,-0.6959172693599226
2014-07-01,1282.8,56.46,1065.77,1714.33,4835.0171,14.1,4.0,5.95567,2.54,107.4626086956522,2.26,93.6039,89.7948406747768,91.8717756621058,-0.8214676518504783
2014-08-01,1287.4,60.49,1087.88,1748.67,4755.7451,12.2,4.0,6.39493,2.42,102.4019047619048,2.2,94.5808,89.8220079078403,91.2030604048933,-0.6270414452350217
2014-09-01,1211.6,64.2,1005.33,1698.41,4469.2671,8.9,3.8,3.85924,2.53,97.85272727272728,2.07,96.1209,91.3419093928477,91.9577561364061,-0.8186771827885067
2014-10-01,1171.6,68.7,1016.07,1708.09,4201.8379,10.0,3.5,10.2355,2.3,87.58478260869565,1.92,97.4396,91.1190736446917,91.906052093088,-0.5961458172402331
2014-11-01,1175.5,66.6,1004.72,1739.5,3742.98,9.4,3.0,5.4036,2.33,79.2295,1.88,99.1147,91.2365883458911,92.1008576848514,-0.9761691585772284
2014-12-01,1184.1,68.9,956.31,1709.67,3232.7981,7.8,3.0,7.23694,2.21,62.90391304347826,1.7,101.4441,91.4131717300896,92.5904449348652,-0.39767303042424634
2015-01-01,1279.2,86.6,961.61,1677.54,2990.4519,1.7,2.7,13.93354,1.88,48.93318181818182,1.61,103.7607,91.3773829690264,92.1945962940788,-0.5116717609947261
2015-02-01,1213.1,91.4,990.28,1772.86,3183.792,2.5,3.1,7.86018,1.98,58.254,1.72,105.1685,91.583269931836,92.3046961069617,-0.32399188491507935
2015-03-01,1183.2,86.1,974.57,1740.81,2967.1211,4.9,3.5,5.40476,2.04,56.52454545454545,1.76,107.3647,89.9704948596823,92.3040831288802,-0.3876185031761477
2015-04-01,1182.4,75.3,1047.78,1778.4,3295.219,6.6,3.2,5.97903,1.94,59.82636363636364,1.86,106.3523,90.1883904250666,92.2658570251553,-0.3582812407252648
2015-05-01,1189.8,82.7,1004.22,1779.31,3229.7429,8.6,3.4,5.77019,2.2,65.19380952380952,1.87,105.4065,89.5624707384835,92.1632110431507,-0.5527244805195275
2015-06-01,1171.8,92.3,972.25,1735.61,3226.1169,9.5,3.5,5.77254,2.36,62.62,1.86,106.179,90.4204768639232,92.4192341970612,-0.8734784144278743
2015-07-01,1095.1,75.8,901.68,1765.6,2771.167,9.8,3.7,11.42785,2.32,56.8295652173913,1.82,108.1236,90.4615154642945,92.6644505627476,-0.414816709832867
2015-08-01,1132.5,87.7,818.73,1645.43,2779.468,9.4,3.5,17.35929,2.17,47.53380952380952,1.61,109.9768,90.7771304791526,92.3281352296476,-0.6865622193601661
2015-09-01,1115.2,81.6,792.05,1581.92,2603.6221,8.5,3.1,10.77771,2.17,48.03045454545455,1.52,110.8513,90.6197602848963,92.70331562871,-0.399141437560272
2015-10-01,1141.4,73.1,847.84,1705.8,2609.5959,5.6,3.5,8.63583,2.07,48.90636363636364,1.5,109.9036,90.6646919174976,92.8236072781577,-0.24470782993473925
2015-11-01,1065.3,69.9,814.3,1694.4,2375.6211,7.7,3.2,6.04683,2.26,45.0952380952381,1.57,111.6916,90.0087248733219,92.5500902775294,-0.6451901451011413
2015-12-01,1060.2,67.8,794.14,1662.79,2170.615,9.0,3.0,9.9816,2.24,38.52521739130435,1.51,112.7857,90.60410711402,92.256641097508,-0.6033113082796154
2016-01-01,1116.4,74.0,742.37,1562.18,2058.3779,6.6,3.1,16.72718,2.09,32.0452380952381,1.42,115.2344,89.9617278745283,93.2451401813702,-0.8008860244397015
2016-02-01,1234.4,83.39,740.33,1547.17,2016.989,7.6,2.9,14.16869,1.78,33.76238095238095,1.31,114.2817,89.9879733893403,93.055614244913,-0.7547165556777342
2016-03-01,1235.6,68.8,836.8,1648.12,2116.436,7.3,3.3,9.38841,1.89,39.79217391304348,1.55,111.8934,88.943281171371,92.9352506178409,-0.6573826507218029
2016-04-01,1290.5,64.92,840.19,1670.8,2331.0449,6.6,3.3,7.01343,1.81,43.33047619047619,1.62,110.0171,89.3902771307866,93.4614347481498,-0.27502833657037107
2016-05-01,1217.5,67.92,807.45,1674.61,2382.751,7.6,3.0,5.53371,1.81,47.735,1.6,111.1405,89.1488089209705,92.9878645250599,-0.7132516951736249
2016-06-01,1320.6,72.64,834.1,1653.23,2384.6609,9.7,3.1,9.87735,1.64,49.87727272727273,1.47,111.5596,90.1527089246586,93.4787518212325,-0.289013695514344
2016-07-01,1357.5,64.15,873.47,1721.79,2156.498,8.8,3.2,7.16609,1.5,46.59857142857143,1.46,112.4773,89.8353724825563,93.3922952671352,-0.17080553682677646
2016-08-01,1311.4,69.08,893.68,1719.52,2194.6479,9.0,3.0,5.83571,1.56,47.05217391304348,1.47,111.4384,91.1360300298975,93.730345668742,0.09072447718831742
2016-09-01,1317.1,60.56,903.46,1725.67,2285.6079,9.4,3.0,6.58627,1.63,47.37681818181818,1.51,112.3169,90.9642400731929,93.8079307773244,-0.29392454912662286
2016-10-01,1273.1,65.46,905.09,1690.92,2251.3879,8.7,3.0,5.74911,1.76,51.41380952380952,1.66,113.4747,91.0878823162133,94.0348088638491,-0.057645021898736125
2016-11-01,1173.9,80.96,862.83,1712.09,2308.46,11.1,3.0,8.95258,2.14,46.94227272727273,1.82,116.1075,92.7677320903134,94.8591031051012,-0.3096276315355391
2016-12-01,1151.7,71.63,862.27,1751.22,2417.311,14.5,2.8,6.08526,2.49,55.02272727272727,1.93,117.9048,93.6719080066343,95.1293251841524,-0.22154447201814678
2017-01-01,1211.4,72.51,909.23,1792.4,2383.157,19.0,3.1,6.11925,2.43,55.71090909090909,2.01,117.7858,92.8874257311483,94.7657064559123,0.16912058236156174
2017-02-01,1253.9,70.89,936.37,1838.7,2388.6951,19.1,3.3,5.63704,2.42,56.096,2.02,116.1204,92.3279210568885,95.1337984002442,0.14985112663672945
2017-03-01,1251.2,60.7,958.37,1853.69,2295.187,20.1,3.2,4.75074,2.48,52.65521739130435,1.99,115.6558,93.8323922514228,95.4918142912854,0.07974019347784335
2017-04-01,1268.3,60.19,977.96,1878.28,2246.8459,18.1,2.9,6.74447,2.3,53.978,1.91,114.7698,93.3952505439258,95.6092296915136,0.013319925453796977
2017-05-01,1270.1,53.95,1005.33,1911.74,2212.3279,16.9,3.0,4.83553,2.3,51.37434782608696,1.83,114.2591,94.4514554429688,96.1193297173957,-0.1423576985953451
2017-06-01,1242.3,55.22,1010.8,1916.43,2169.813,17.6,3.3,5.06706,2.19,47.65272727272727,1.73,112.7603,94.4071313560906,96.4000826317845,0.08972030270948715
2017-07-01,1279.4,48.14,1066.23,1961.1,2269.2939,16.4,3.0,5.74074,2.32,49.25333333333333,1.77,111.0606,94.2283096842286,96.5033439718886,0.09382858231282074
2017-08-01,1330.4,51.13,1087.7,1959.74,2251.665,16.4,3.1,6.25084,2.21,51.92782608695652,1.78,109.9059,94.9186217288355,97.1823615231303,0.3951716705285803
2017-09-01,1284.8,52.88,1081.72,2000.55,2326.4561,18.4,3.3,3.87956,2.2,55.55761904761905,1.83,108.8542,95.3492803967758,97.1267611705234,0.5568160218216144
2017-10-01,1277.3,51.15,1119.08,2036.8,2415.282,18.6,3.0,3.75714,2.36,57.53636363636364,1.86,110.8892,94.4821197379791,97.1715761555467,0.7968298391637002
2017-11-01,1282.3,46.83,1120.79,2077.36,2448.6631,20.3,2.9,5.77657,2.35,62.83636363636364,1.85,111.1635,96.9664871795501,98.117821448457,0.816022396548774
2017-12-01,1309.3,46.6,1158.45,2103.45,2556.708,19.2,3.2,6.95476,2.4,64.06428571428572,1.9,110.8758,98.3988033529315,98.4352286270329,0.6895875295621257
2018-01-01,1347.9,57.2,1254.59,2213.24,2644.127,25.2,3.0,7.08699,2.58,68.88913043478261,2.04,108.3568,97.0371838320961,98.1982916541289,0.5934413376647469
2018-02-01,1305.2,62.97,1195.19,2117.99,2555.823,22.9,3.1,10.79867,2.86,65.6965,2.1,107.6501,96.9609496210802,98.1541697373834,0.06439536300196103
2018-03-01,1327.3,58.54,1170.87,2066.85,2612.603,21.2,3.3,9.83779,2.84,66.89181818181818,2.09,107.9472,95.7522821015591,98.5215450216031,0.43997857590198536
2018-04-01,1306.8,50.35,1164.43,2086.51,2744.2019,19.6,3.3,9.04891,2.87,71.93285714285715,2.13,107.9434,96.2234496260847,98.6092328346793,0.5197592600352616
2018-05-01,1299.3,60.54,1120.71,2092.92,2783.918,21.7,3.3,7.0164,2.98,76.93434782608696,2.14,111.047,97.4220777855874,98.8115116536007,0.3813440112100352
2018-06-01,1254.5,51.17,1069.52,2089.3,2821.646,23.1,3.7,6.68413,2.91,75.80285714285714,2.12,112.8444,97.6240732420645,99.0238774773037,0.43724580294644966
2018-07-01,1227.6,46.5,1087.46,2153.1,2722.0249,23.1,3.7,5.28928,2.89,75.22909090909091,2.12,113.0595,98.4800962334313,98.9007876833025,0.4463428326209913
2018-08-01,1206.7,50.71,1055.96,2175.5,2751.3501,23.1,3.7,6.08392,2.89,73.85130434782609,2.1,113.8316,98.2024703382588,99.3107200916514,0.5359397764433794
2018-09-01,1196.2,46.16,1047.91,2184.01,2859.4431,24.9,3.3,6.16317,3.0,79.163,2.12,114.0787,97.9797086214243,98.8329628547314,0.46847676888746626
2018-10-01,1238.6,60.13,955.92,2021.98,2692.356,25.6,3.7,10.93542,3.15,80.78347826086957,2.11,114.8313,98.9380830552184,99.3857375126041,0.5339246187681743
2018-11-01,1226.0,52.43,994.72,2041.36,2388.6331,26.4,3.3,8.82102,3.12,66.22863636363635,2.01,116.169,97.2920769519488,98.8971549487948,0.4569789930110894
2018-12-01,1283.0,66.58,965.67,1883.9,2203.469,23.8,3.3,17.20615,2.83,57.94809523809524,1.81,116.2118,96.1138887173509,98.735391340008,0.46618222595709957
2019-01-01,1322.1,49.81,1049.93,2028.49,2401.5349,21.1,2.9,15.38001,2.71,59.94478260869565,1.79,114.4425,97.2575799737644,99.0133042874008,0.5176710434610217
2019-02-01,1299.2,47.22,1050.95,2085.84,2493.114,23.7,3.1,6.01941,2.68,64.384,1.88,114.413,96.369782819373,98.7069021507079,0.1455120526316433
2019-03-01,1298.5,58.55,1058.13,2107.74,2533.2329,21.7,2.9,7.36559,2.57,66.94190476190477,1.91,114.7835,97.3285698854233,98.9856545124979,0.2159723300073301
2019-04-01,1284.2,49.47,1079.24,2178.67,2605.4089,20.1,3.1,8.54855,2.53,71.47590909090908,1.94,114.9037,97.0520601261814,99.2058195440323,0.01796122213760986
2019-05-01,1311.1,72.68,998.0,2046.25,2391.415,24.5,3.4,8.31456,2.4,70.38913043478261,1.83,115.9574,98.0915762264563,99.3832833035005,-0.6209493343396404
2019-06-01,1413.7,70.43,1054.86,2178.35,2497.365,23.8,3.5,8.85714,2.07,63.2085,1.7,115.4271,96.3532218571099,98.6401790147752,-0.4703344168711041
2019-07-01,1432.4,55.25,1037.01,2187.56,2492.0759,22.1,3.2,7.66063,2.06,64.32217391304349,1.75,115.0776,97.3312284510509,98.6017216239102,-0.4482232694997587
2019-08-01,1529.4,86.89,984.33,2138.52,2351.9509,22.1,3.4,13.46514,1.63,59.61818181818182,1.59,117.1004,97.7316150152294,98.4995325875288,-0.28814945717740553
2019-09-01,1489.0,77.2,1001.0,2180.02,2393.0901,20.8,3.3,6.8778,1.7,62.43095238095238,1.59,117.3239,97.1210372352166,98.5086036700641,0.13457190635518612
2019-10-01,1511.4,65.88,1041.98,2233.53,2422.876,22.3,3.0,6.37777,1.71,59.63130434782609,1.56,116.7463,97.1949253529841,98.5059800266031,0.09102320465383414
2019-11-01,1472.7,56.57,1040.05,2292.26,2422.573,21.1,3.1,7.80095,1.81,62.68666666666667,1.64,116.5595,96.5188710446959,98.3441832832169,0.153681654355693
2019-12-01,1523.1,58.28,1114.66,2358.47,2591.8611,22.3,2.8,9.44482,1.86,65.34818181818181,1.72,115.9096,96.5701416872881,98.0670600030398,0.04339341382665933
2020-01-01,1552.4,72.98,1062.34,2342.41,2311.2939,23.5,2.9,7.77929,1.76,63.89869565217391,1.72,115.2794,93.4572023996658,96.5137693274538,0.06088474881154432
2020-02-01,1566.7,109.67,1005.52,2141.12,2117.394,24.2,2.8,9.71045,1.5,55.691,1.62,116.7105,93.8111166489012,96.679990092624,1.3106860938869027
2020-03-01,1596.6,83.87,848.58,1852.73,1494.343,25.4,2.5,28.48914,0.87,33.94727272727273,0.99,121.0227,90.606950208812,92.9059811343933,2.6715181206256986
2020-04-01,1694.2,53.59,924.94,2052.85,1349.817,31.7,2.4,16.17076,0.66,26.84863636363636,1.1,123.2803,79.5451674146587,82.0183569789229,3.3803138987601153
2020-05-01,1751.7,51.55,930.35,2147.88,1570.824,31.3,3.3,13.37665,0.67,32.42238095238095,1.12,122.615,80.6620707084322,84.2688467882408,2.5671178443854386
2020-06-01,1800.5,54.13,995.1,2201.79,1650.79,23.0,3.3,14.52186,0.73,40.86045454545455,1.27,119.6766,86.4707197544871,89.3302425636059,2.265554454366861
2020-07-01,1985.9,41.98,1078.92,2304.98,1713.464,16.8,3.6,11.19963,0.62,43.29565217391304,1.46,118.69,90.7032913307303,92.5612109973269,2.9740141551952997
2020-08-01,1978.6,47.02,1101.5,2455.51,1792.028,16.1,3.4,10.43395,0.65,45.08142857142857,1.66,116.9453,92.739065882612,94.0434268790029,1.489603772807268
2020-09-01,1895.5,39.21,1082.0,2367.27,1726.8101,11.5,3.3,8.31044,0.68,41.92681818181818,1.66,116.3431,94.7787909358288,95.5596521692167,0.6311897218767284
2020-10-01,1879.9,61.91,1103.46,2292.93,1665.082,13.4,3.0,10.83274,0.79,41.60681818181818,1.7,115.7798,95.4314087886026,96.5808534287036,0.11462600177937504
2020-11-01,1780.9,40.84,1205.07,2583.14,1865.567,16.9,3.2,6.27119,0.87,44.05,1.71,114.0984,97.1584994442824,97.2976267805865,0.781742308597677
2020-12-01,1895.1,48.98,1291.26,2690.04,1976.955,16.2,3.0,9.15866,0.93,50.37695652173913,1.92,111.8992,97.7154318040095,97.9588278574734,1.7221557283244227
2021-01-01,1850.3,47.41,1329.57,2661.69,2074.698,17.9,3.8,9.94873,1.08,55.2247619047619,2.08,111.4873,98.1111411541783,98.8694392197746,1.3750952549558078
2021-02-01,1728.8,75.66,1339.26,2726.91,2294.251,18.7,4.3,9.00216,1.26,62.3625,2.18,112.0171,97.8539604777007,98.1462359851138,2.0052617255506835
2021-03-01,1715.6,71.27,1316.43,2811.7,2244.832,21.7,4.3,10.25403,1.61,65.79608695652173,2.28,113.3366,100.180901188151,99.1417654429653,2.3315483476092407
2021-04-01,1767.7,58.13,1347.61,2938.76,2429.595,23.0,4.3,8.22529,1.64,65.53181818181818,2.35,112.6323,100.139384760341,100.105269142404,2.8236854522883132
2021-05-01,1905.3,52.04,1376.21,2975.7,2490.8621,27.2,5.7,7.20859,1.62,68.3752380952381,2.47,111.2123,98.8611270750995,99.232114060035,3.1045126053925336
2021-06-01,1771.6,57.27,1374.64,3017.23,2597.793,30.7,6.1,8.84892,1.52,73.51272727272728,2.34,111.5777,99.5108382839562,100.229492441826,2.8283323945924708
2021-07-01,1817.2,61.19,1277.8,3069.25,2638.689,31.3,5.8,6.06697,1.32,74.40318181818182,2.33,113.0633,98.9651122727853,100.360095368596,3.0085315073143057
2021-08-01,1818.1,59.54,1308.67,3141.35,2577.9529,31.6,6.1,7.92535,1.28,70.58818181818182,2.35,113.4025,99.4640436095756,99.9115485669301,3.384010537675192
2021-09-01,1757.0,61.07,1253.1,3006.6,2733.489,32.7,6.0,9.29071,1.37,74.74954545454545,2.34,113.4438,99.0189272360578,99.5377810614411,3.454132878809238
2021-10-01,1783.9,75.45,1264.75,3174.73,2891.9509,41.3,6.3,10.16467,1.58,83.8652380952381,2.53,114.0635,100.283931742877,100.671303225775,4.002328998882402
2021-11-01,1776.5,84.04,1212.42,3101.8,2578.938,40.6,6.8,6.13962,1.56,80.89045454545455,2.62,114.9898,103.127247268672,101.529297293023,4.405854333638293
2021-12-01,1828.6,77.1,1232.01,3231.73,2774.7261,36.0,6.2,6.85835,1.47,74.67826086956522,2.46,115.8045,104.483384930605,102.265658192116,4.484486185085045
2022-01-01,1796.4,85.14,1208.23,3059.05,3097.5291,38.9,6.2,7.85009,1.76,85.62238095238095,2.45,115.0373,103.020925951281,102.228010938857,3.772670540204407
2022-02-01,1900.7,100.4,1171.31,2977.95,3369.301,38.2,6.0,11.67073,1.93,94.267,2.46,114.9977,103.178637211731,102.860436967728,2.847607837151893
2022-03-01,1951.1,106.88,1141.79,3053.07,3693.877,64.5,8.0,13.26689,2.13,112.44,2.85,116.2908,101.233582374861,102.396526780639,2.9022657813916783
2022-04-01,1891.3,128.4,1076.19,2795.62,3882.991,51.5,8.2,8.56844,2.75,106.1557142857143,2.88,117.1688,102.093197780543,102.207303332257,3.5976318733604256
2022-05-01,1845.2,107.12,1077.67,2791.01,4079.8479,46.9,7.4,13.17406,2.9,112.1136363636364,2.69,119.6962,103.853240366087,102.562246141798,2.799004290770525
2022-06-01,1807.3,135.5,1000.67,2546.19,3768.0171,44.2,8.2,7.02604,3.14,117.6927272727273,2.62,120.0257,103.851215302189,102.933961514692,2.463728541847812
2022-07-01,1754.4,116.36,993.78,2746.36,3766.4241,44.1,8.2,10.19659,2.9,105.2528571428571,2.36,122.7512,103.832258670152,102.480103930387,1.8615918954599722
2022-08-01,1716.9,124.84,994.11,2627.32,3665.5381,37.9,6.5,5.76525,2.9,97.64304347826088,2.51,122.3177,104.253439446231,102.68045284769,1.5406963991295524
2022-09-01,1663.6,141.89,875.79,2378.65,3379.5811,41.9,6.4,7.08671,3.52,90.60818181818182,2.38,125.5946,104.951505173882,103.071687975344,1.0447247220649665
2022-10-01,1640.7,147.92,848.16,2547.72,3606.179,38.1,7.3,9.56356,3.98,93.71857142857144,2.39,127.4806,104.002626130136,102.363480431714,1.1500995065991824
2022-11-01,1753.2,127.27,972.29,2720.89,3544.677,30.8,7.3,6.03975,3.89,90.93863636363636,2.37,124.8527,102.250645447006,102.495231830691,1.2764877955475322
2022-12-01,1826.0,121.61,956.38,2602.69,3495.7649,24.2,6.6,10.52101,3.62,81.50318181818182,2.26,122.2343,101.562129484897,102.074591845466,1.3487873457295982
2023-01-01,1936.6,99.54,1031.5,2785.0,3492.708,18.7,5.8,8.45905,3.53,84.08181818181818,2.24,119.8101,101.306540608622,102.067877577021,1.0864967578747442
2023-02-01,1836.7,123.6,964.01,2714.57,3359.0801,18.7,5.9,8.52517,3.75,83.6325,2.33,120.3084,101.465875806925,102.603106519644,-0.22179399895649757
2023-03-01,1988.5,135.93,990.28,2791.44,3323.0129,19.7,5.5,9.39127,3.66,79.25652173913043,2.3,120.745,103.251535422803,102.760017309029,-1.1645111495206057
2023-04-01,1999.0,122.46,977.05,2835.93,3297.8059,16.4,6.6,8.60864,3.46,83.536,2.27,119.2451,101.607911694688,101.969907175103,-1.3087777672037404
2023-05-01,1973.1,136.02,958.53,2800.56,3096.3979,13.8,6.3,9.00961,3.57,75.74739130434783,2.21,119.6293,102.55615881335,102.554957436173,-1.5884140832492517
2023-06-01,1917.9,110.64,989.48,2966.72,3232.3459,7.9,5.2,5.76498,3.75,74.975,2.2,119.2969,101.867309298096,102.590219627329,-1.1170218542118622
2023-07-01,1979.6,112.03,1046.91,3064.3,3579.3579,6.7,5.0,6.26748,3.9,80.10904761904762,2.3,118.0492,102.056264348241,102.321759096658,-0.9448981210010778
2023-08-01,1947.0,107.93,980.33,2986.02,3600.7219,10.8,5.6,4.77664,4.17,85.16826086956522,2.34,119.8564,102.262398650208,102.395858910854,-1.0745124657019398
2023-09-01,1869.5,113.55,952.78,2853.24,3748.9221,13.8,5.3,6.96346,4.38,92.67333333333332,2.34,121.6455,102.209854411128,102.599659159688,-0.6578442223177703
2023-10-01,1994.3,126.86,915.2,2768.62,3592.0391,13.2,6.3,5.13702,4.8,88.94772727272726,2.39,123.4971,103.059514107704,102.983718543509,-0.37236872494802165
2023-11-01,2047.6,115.32,987.1,3023.63,3461.114,10.9,6.1,5.7404,4.5,82.18636363636364,2.3,121.2221,102.122394674365,102.911793677257,0.16548782190954878
2023-12-01,2083.5,114.62,1023.74,3169.18,3346.584,12.0,4.5,6.85089,4.02,77.54095238095238,2.18,119.8331,103.100604927465,103.176785415896,-0.16256368125206555
2024-01-01,2057.4,107.28,975.8,3205.32,3496.0569,13.5,4.6,6.72809,4.06,79.11,2.27,120.2274,102.557645590418,102.420821188609,-0.33844325339810305
2024-02-01,2054.7,109.1,1020.94,3337.2,3526.54,16.9,4.6,6.46634,4.21,81.7957142857143,2.28,121.0659,104.085466633034,103.073934298013,-0.18991522518124412
2024-03-01,2201.4,86.38,1043.2,3437.76,3693.3279,13.7,3.9,5.93344,4.21,84.96142857142857,2.31,120.6588,103.036570932432,102.603806422712,-0.3511338521512765
2024-04-01,2302.9,107.46,1045.95,3305.3,3736.1379,12.8,5.2,7.04567,4.54,88.97454545454545,2.39,122.1428,104.454591561601,103.214530720108,-0.9566948573362746
2024-05-01,2354.7,91.14,1048.96,3445.17,3665.095,13.9,5.5,6.23749,4.48,83.05391304347826,2.33,121.8583,104.056234670491,103.283415056217,-0.5818250363430836
2024-06-01,2336.6,98.59,1086.25,3511.78,3717.3931,14.8,5.1,7.09051,4.31,82.9175,2.26,123.7095,104.817571951424,103.257579424,-0.347354259426421
2024-07-01,2438.5,99.41,1084.77,3571.57,3586.4319,12.9,5.0,6.84748,4.25,84.0486956521739,2.27,123.3824,104.541097609341,103.35812232572,-0.04292550028149605
2024-08-01,2536.7,107.77,1099.92,3661.24,3524.6289,12.9,4.7,8.35385,3.87,79.01863636363636,2.11,122.6137,106.209416393067,103.745722481749,0.2118698715930385
2024-09-01,2647.9,94.61,1170.85,3723.03,3521.77,12.6,4.4,9.95721,3.72,73.05761904761906,2.11,121.8849,105.547971533491,103.458516399832,0.10644131687034471
2024-10-01,2749.3,135.18,1119.52,3647.14,3537.7939,14.8,5.2,8.0751,4.1,75.26652173913043,2.29,123.5953,105.883056467741,103.959360736283,-0.3472724269657473
2024-11-01,2652.3,95.22,1078.57,3810.14,3539.9529,19.2,4.4,10.71353,4.36,73.50857142857143,2.32,126.3113,106.047888503373,103.827453305992,-0.27891756716144805
2024-12-01,2618.1,98.8,1075.48,3707.84,3655.99,21.7,4.9,7.76012,4.39,73.22772727272726,2.3,127.5758,106.552578922097,104.278898311018,-0.2597728254124314
2025-01-01,2845.2,91.76,1093.37,3836.58,3777.23,21.4,5.7,6.65882,4.63,78.19391304347826,2.4,128.8369,106.946771899053,104.020521700778,-0.17753749201280705
2025-02-01,2895.9,104.46,1097.25,3805.33,3726.4561,22.8,6.7,16.24634,4.45,75.193,2.42,127.8758,107.31334937218,104.82086504217,0.0020953615214115676
2025-03-01,3150.3,101.35,1101.4,3628.64,3834.6809,25.2,9.4,25.94587,4.28,71.74142857142857,2.33,126.243,110.233002301938,105.129570112716,-0.18098567373593408
2025-04-01,3319.1,112.48,1112.84,3655.52,3511.238,30.3,10.7,32.295,4.28,66.92727272727274,2.24,124.1402,109.254716377923,105.298160601484,-0.2449697997948744
2025-05-01,3343.9,92.11,1157.34,3863.48,3567.0791,24.6,10.9,13.08126,4.42,64.09272727272727,2.31,122.3422,108.833826080247,105.40291744442,0.27833021443874456
2025-06-01,3307.7,90.26,1222.78,4026.44,3726.854,22.6,8.5,9.76333,4.38,69.84666666666666,2.3,120.5939,108.245887632079,105.631450919147,0.08517081594813035
2025-07-01,3348.6,79.84,1243.23,4076.04,3861.5911,26.0,8.3,11.30501,4.39,69.56478260869565,2.38,120.1127,109.947427599597,106.2812778801,0.025331926519054738
2025-08-01,3512.0,79.39,1258.44,4177.72,3853.71,26.9,8.4,12.08191,4.26,67.24428571428571,2.38,120.5758,109.46606483074,105.639448720214,-0.08363413311038037
2025-09-01,3873.2,77.93,1346.05,4306.7,3878.6819,24.9,7.8,9.8706,4.12,67.60909090909091,2.37,120.0291,110.708556371431,106.951573591976,-0.02156039977225004
2025-10-01,4013.3,66.61,1401.55,4390.42,3931.0439,23.2,7.7,9.85127,4.06,63.98130434782609,2.31,120.7618,109.172414329176,106.919218267072,-0.08045757168648779
2025-11-01,4254.9,68.95,1366.92,4398.44,3928.0979,24.3,7.7,9.35194,4.09,63.6935,2.27,121.4177,111.623351403968,106.726683203853,-0.15538774783683265
2025-12-01,4357.1,63.96,1404.37,4430.38,3916.219,26.7,6.9,11.24043,4.14,61.81090909090909,2.24,120.1883,,,0.543267801110933
2026-01-01,4745.1,59.2,1528.09,4527.59,4301.1152,,6.5,13.86391,4.21,64.59409090909091,2.31,119.2298,,,0.41147747569247506
2026-02-01,4899.29,70.1,1555.7,4509.69,4202.4619,,,,,,,,,,
